{
    "date_calibrated": "2025-06-14T18:57:20.303921",
    "rotation_vector": [
        [
            -0.14012490524867913
        ],
        [
            0.0028177170285791525
        ],
        [
            1.755303942374753
        ]
    ],
    "translation_vector": [
        [
            0.14145502807018695
        ],
        [
            -0.19576644670627977
        ],
        [
            0.8204448400924488
        ]
    ],
    "rotation_matrix": [
        [
            -0.18142236001789935,
            -0.9790225190771503,
            -0.09274068376589907
        ],
        [
            0.9787197286680099,
            -0.1889481904585752,
            0.08003920313475626
        ],
        [
            -0.09588336665737442,
            -0.07624623572518693,
            0.9924680808651664
        ]
    ],
    "distance_to_target": 0.8552565476257191,
    "notes": "Extrinsic parameters from checkerboard calibration"
}