{
    "width": 1280,
    "height": 720,
    "fx": 650.61279296875,
    "fy": 649.8956909179688,
    "ppx": 643.015869140625,
    "ppy": 360.091064453125,
    "model": "distortion.inverse_brown_conrady",
    "coeffs": [
        -0.052895549684762955,
        0.05962379649281502,
        -0.00031444529304280877,
        0.00011381688091205433,
        -0.019533222541213036
    ]
}